,state_name,dist_name,sub_dist_name,village_name,village_code
0,Andaman and Nicobar Islands,Nicobars,Car Nicobar,Arong,645015
1,Andaman and Nicobar Islands,Nicobars,Car Nicobar,Big Lapati,645025
2,Andaman and Nicobar Islands,Nicobars,Car Nicobar,Chuckchucha,645023
3,Andaman and Nicobar Islands,Nicobars,Car Nicobar,IAF Camp,645018
4,Andaman and Nicobar Islands,Nicobars,Car Nicobar,Kakana,645017
5,Andaman and Nicobar Islands,Nicobars,Car Nicobar,Kimois,645016
6,Andaman and Nicobar Islands,Nicobars,Car Nicobar,Kinmai,645027
7,Andaman and Nicobar Islands,Nicobars,Car Nicobar,Kinyuka,645022
8,Andaman and Nicobar Islands,Nicobars,Car Nicobar,Malacca,645019
9,Andaman and Nicobar Islands,Nicobars,Car Nicobar,Mus,645012
10,Andaman and Nicobar Islands,Nicobars,Car Nicobar,Perka,645020
11,Andaman and Nicobar Islands,Nicobars,Car Nicobar,Sawai,645014
12,Andaman and Nicobar Islands,Nicobars,Car Nicobar,Small Lapati,645026
13,Andaman and Nicobar Islands,Nicobars,Car Nicobar,Tamaloo,645021
14,Andaman and Nicobar Islands,Nicobars,Car Nicobar,Tapoiming,645024
15,Andaman and Nicobar Islands,Nicobars,Car Nicobar,Teetop,645013
16,Andaman and Nicobar Islands,Nicobars,Great Nicobar,7 km Farm,645196
17,Andaman and Nicobar Islands,Nicobars,Great Nicobar,Afra Bay,645166
18,Andaman and Nicobar Islands,Nicobars,Great Nicobar,Akupa,645144
19,Andaman and Nicobar Islands,Nicobars,Great Nicobar,Alexandera River,645168
20,Andaman and Nicobar Islands,Nicobars,Great Nicobar,Anul/Anula,645142
21,Andaman and Nicobar Islands,Nicobars,Great Nicobar,Ayouk,645169
22,Andaman and Nicobar Islands,Nicobars,Great Nicobar,Bahua,645162
23,Andaman and Nicobar Islands,Nicobars,Great Nicobar,Bewai/Kuwak,645148
24,Andaman and Nicobar Islands,Nicobars,Great Nicobar,Campbell Bay,645200
25,Andaman and Nicobar Islands,Nicobars,Great Nicobar,Chaw Nallaha,645204
26,Andaman and Nicobar Islands,Nicobars,Great Nicobar,Chingen (incl.FC at Magar Nalla,645189
27,Andaman and Nicobar Islands,Nicobars,Great Nicobar,Dairkurat,645167
28,Andaman and Nicobar Islands,Nicobars,Great Nicobar,Dakhiyon (FC),645184
29,Andaman and Nicobar Islands,Nicobars,Great Nicobar,Danlet,645179
30,Andaman and Nicobar Islands,Nicobars,Great Nicobar,Dogmar River,645174
31,Andaman and Nicobar Islands,Nicobars,Great Nicobar,Elahi/Ilhoya,645159
32,Andaman and Nicobar Islands,Nicobars,Great Nicobar,Galathia River (FC),645190
33,Andaman and Nicobar Islands,Nicobars,Great Nicobar,Gandhi Nagar,645192
34,Andaman and Nicobar Islands,Nicobars,Great Nicobar,Gol Tikrey,645205
35,Andaman and Nicobar Islands,Nicobars,Great Nicobar,Govinda Nagar,645199
36,Andaman and Nicobar Islands,Nicobars,Great Nicobar,Hin-Pou-Chi,645182
37,Andaman and Nicobar Islands,Nicobars,Great Nicobar,Hoin incl. Ikuia,645151
38,Andaman and Nicobar Islands,Nicobars,Great Nicobar,Hokesiang,645154
39,Andaman and Nicobar Islands,Nicobars,Great Nicobar,In-Hig-Loi,645186
40,Andaman and Nicobar Islands,Nicobars,Great Nicobar,Indira Point,645188
41,Andaman and Nicobar Islands,Nicobars,Great Nicobar,Inlock/Infock,645145
42,Andaman and Nicobar Islands,Nicobars,Great Nicobar,Inlock/Pattia,645157
43,Andaman and Nicobar Islands,Nicobars,Great Nicobar,Inod,645160
44,Andaman and Nicobar Islands,Nicobars,Great Nicobar,Joginder Nagar,645195
45,Andaman and Nicobar Islands,Nicobars,Great Nicobar,Kasintung,645177
46,Andaman and Nicobar Islands,Nicobars,Great Nicobar,Katahu,645165
47,Andaman and Nicobar Islands,Nicobars,Great Nicobar,Kiyang,645149
48,Andaman and Nicobar Islands,Nicobars,Great Nicobar,Koe,645178
49,Andaman and Nicobar Islands,Nicobars,Great Nicobar,Kokeon,645183
50,Andaman and Nicobar Islands,Nicobars,Great Nicobar,Kondul,645163
51,Andaman and Nicobar Islands,Nicobars,Great Nicobar,Kopenheat,645175
52,Andaman and Nicobar Islands,Nicobars,Great Nicobar,Lanaya,645210
53,Andaman and Nicobar Islands,Nicobars,Great Nicobar,Lawful,645207
54,Andaman and Nicobar Islands,Nicobars,Great Nicobar,Laxmi Nagar,645193
55,Andaman and Nicobar Islands,Nicobars,Great Nicobar,Makhahu/Makachua,645143
56,Andaman and Nicobar Islands,Nicobars,Great Nicobar,Minlana/Minlan,645141
57,Andaman and Nicobar Islands,Nicobars,Great Nicobar,Navy Dera,645206
58,Andaman and Nicobar Islands,Nicobars,Great Nicobar,Not yet named,645202
59,Andaman and Nicobar Islands,Nicobars,Great Nicobar,Not yet named,645203
60,Andaman and Nicobar Islands,Nicobars,Great Nicobar,Not yet named (at 27.9 km)-A,645197
61,Andaman and Nicobar Islands,Nicobars,Great Nicobar,Olinchi/Bombay,645156
62,Andaman and Nicobar Islands,Nicobars,Great Nicobar,Patatiya,645181
63,Andaman and Nicobar Islands,Nicobars,Great Nicobar,Patisang,645209
64,Andaman and Nicobar Islands,Nicobars,Great Nicobar,Pattia (Pulopattia),645155
65,Andaman and Nicobar Islands,Nicobars,Great Nicobar,Pea,645152
66,Andaman and Nicobar Islands,Nicobars,Great Nicobar,Pehayo,645161
67,Andaman and Nicobar Islands,Nicobars,Great Nicobar,Pitayo,645211
68,Andaman and Nicobar Islands,Nicobars,Great Nicobar,Pulloullo/Puloulo,645150
69,Andaman and Nicobar Islands,Nicobars,Great Nicobar,Pulobaha,645187
70,Andaman and Nicobar Islands,Nicobars,Great Nicobar,Pulobaha/Pathathifen,645147
71,Andaman and Nicobar Islands,Nicobars,Great Nicobar,Pulobed,645170
72,Andaman and Nicobar Islands,Nicobars,Great Nicobar,Pulobed/Lababu,645164
73,Andaman and Nicobar Islands,Nicobars,Great Nicobar,Pulobha/Pulobahan,645153
74,Andaman and Nicobar Islands,Nicobars,Great Nicobar,Pulobhabi,645180
75,Andaman and Nicobar Islands,Nicobars,Great Nicobar,Pulokunji,645171
76,Andaman and Nicobar Islands,Nicobars,Great Nicobar,Pulomilo,645140
77,Andaman and Nicobar Islands,Nicobars,Great Nicobar,Pulopanja,645158
78,Andaman and Nicobar Islands,Nicobars,Great Nicobar,Pulopucca,645185
79,Andaman and Nicobar Islands,Nicobars,Great Nicobar,Pulotalia/Pulotohio,645146
80,Andaman and Nicobar Islands,Nicobars,Great Nicobar,Ranganathan Bay,645201
81,Andaman and Nicobar Islands,Nicobars,Great Nicobar,Renguang,645173
82,Andaman and Nicobar Islands,Nicobars,Great Nicobar,Sastri Nagar,645191
83,Andaman and Nicobar Islands,Nicobars,Great Nicobar,Shompen hut,645198
84,Andaman and Nicobar Islands,Nicobars,Great Nicobar,Shompen Village-A,645172
85,Andaman and Nicobar Islands,Nicobars,Great Nicobar,Shompen Village-B,645176
86,Andaman and Nicobar Islands,Nicobars,Great Nicobar,Trinket Bay,645208
87,Andaman and Nicobar Islands,Nicobars,Great Nicobar,Vijoy Nagar,645194
88,Andaman and Nicobar Islands,Nicobars,Nancowry,Al-Hit-Touch/Balu Basti,645094
89,Andaman and Nicobar Islands,Nicobars,Nancowry,Alhiat,645030
90,Andaman and Nicobar Islands,Nicobars,Nancowry,Alhitoth/Alhiloth*,645053
91,Andaman and Nicobar Islands,Nicobars,Nancowry,Alipa/Alips*,645085
92,Andaman and Nicobar Islands,Nicobars,Nancowry,Alkaipoh/Alkripoh*,645052
93,Andaman and Nicobar Islands,Nicobars,Nancowry,Alointung*,645115
94,Andaman and Nicobar Islands,Nicobars,Nancowry,Aloora*,645035
95,Andaman and Nicobar Islands,Nicobars,Nancowry,Aloorang,645034
96,Andaman and Nicobar Islands,Nicobars,Nancowry,Alpintu/Alpintung*,645117
97,Andaman and Nicobar Islands,Nicobars,Nancowry,Alreak*,645101
98,Andaman and Nicobar Islands,Nicobars,Nancowry,Alsama*,645076
99,Andaman and Nicobar Islands,Nicobars,Nancowry,Altaful*,645074
100,Andaman and Nicobar Islands,Nicobars,Nancowry,Altheak,645093
101,Andaman and Nicobar Islands,Nicobars,Nancowry,Alukian/Alhukheck,645121
102,Andaman and Nicobar Islands,Nicobars,Nancowry,Atkuna/Alkun*,645066
103,Andaman and Nicobar Islands,Nicobars,Nancowry,Banderkari/Pulu,645116
104,Andaman and Nicobar Islands,Nicobars,Nancowry,Bengali,645044
105,Andaman and Nicobar Islands,Nicobars,Nancowry,Berainak/Badnak,645129
106,Andaman and Nicobar Islands,Nicobars,Nancowry,Bompoka Island*,645045
107,Andaman and Nicobar Islands,Nicobars,Nancowry,Bumpal*,645109
108,Andaman and Nicobar Islands,Nicobars,Nancowry,Champin,645096
109,Andaman and Nicobar Islands,Nicobars,Nancowry,Chanel/Chanol*,645113
110,Andaman and Nicobar Islands,Nicobars,Nancowry,Changua/Changup,645119
111,Andaman and Nicobar Islands,Nicobars,Nancowry,Chengtamilan*,645065
112,Andaman and Nicobar Islands,Nicobars,Nancowry,Chonghipoh*,645050
113,Andaman and Nicobar Islands,Nicobars,Nancowry,Chongkamong,645029
114,Andaman and Nicobar Islands,Nicobars,Nancowry,Chonsiyala*,645059
115,Andaman and Nicobar Islands,Nicobars,Nancowry,Chota Inak,645128
116,Andaman and Nicobar Islands,Nicobars,Nancowry,Chukmachi,645039
117,Andaman and Nicobar Islands,Nicobars,Nancowry,Daring,645111
118,Andaman and Nicobar Islands,Nicobars,Nancowry,E-Wall,645083
119,Andaman and Nicobar Islands,Nicobars,Nancowry,Enam,645036
120,Andaman and Nicobar Islands,Nicobars,Nancowry,Hakonhala*,645069
121,Andaman and Nicobar Islands,Nicobars,Nancowry,Halnatai/Hoinatai*,645073
122,Andaman and Nicobar Islands,Nicobars,Nancowry,Hindra*,645087
123,Andaman and Nicobar Islands,Nicobars,Nancowry,Hinnunga*,645097
124,Andaman and Nicobar Islands,Nicobars,Nancowry,Hintona*,645102
125,Andaman and Nicobar Islands,Nicobars,Nancowry,Hitlat*,645048
126,Andaman and Nicobar Islands,Nicobars,Nancowry,Hockook*,645136
127,Andaman and Nicobar Islands,Nicobars,Nancowry,Hoipoh*,645063
128,Andaman and Nicobar Islands,Nicobars,Nancowry,Hontona*,645060
129,Andaman and Nicobar Islands,Nicobars,Nancowry,Hutnyak*,645057
130,Andaman and Nicobar Islands,Nicobars,Nancowry,Inmae*,645123
131,Andaman and Nicobar Islands,Nicobars,Nancowry,Inroak/Chinlak*,645099
132,Andaman and Nicobar Islands,Nicobars,Nancowry,Itoi*(HITUI),645100
133,Andaman and Nicobar Islands,Nicobars,Nancowry,Jansin*,645047
134,Andaman and Nicobar Islands,Nicobars,Nancowry,Japan Tikri,645082
135,Andaman and Nicobar Islands,Nicobars,Nancowry,Jhoola*,645046
136,Andaman and Nicobar Islands,Nicobars,Nancowry,Kakana,645131
137,Andaman and Nicobar Islands,Nicobars,Nancowry,Kalara*,645038
138,Andaman and Nicobar Islands,Nicobars,Nancowry,Kalasi,645043
139,Andaman and Nicobar Islands,Nicobars,Nancowry,Kalminikum/Kalmenkam*,645068
140,Andaman and Nicobar Islands,Nicobars,Nancowry,Kamorta/Kalatapu(Incl.Sanuh),645127
141,Andaman and Nicobar Islands,Nicobars,Nancowry,Kamriak*,645056
142,Andaman and Nicobar Islands,Nicobars,Nancowry,Kanahinot,645042
143,Andaman and Nicobar Islands,Nicobars,Nancowry,Kapanga*,645077
144,Andaman and Nicobar Islands,Nicobars,Nancowry,Kapila*,645139
145,Andaman and Nicobar Islands,Nicobars,Nancowry,Karan/Karav*,645110
146,Andaman and Nicobar Islands,Nicobars,Nancowry,Katahuwa*,645054
147,Andaman and Nicobar Islands,Nicobars,Nancowry,Kavatinpeu/Karahinpoh*,645075
148,Andaman and Nicobar Islands,Nicobars,Nancowry,Knot,645122
149,Andaman and Nicobar Islands,Nicobars,Nancowry,Kuikua*,645134
150,Andaman and Nicobar Islands,Nicobars,Nancowry,Kuitasuk,645031
151,Andaman and Nicobar Islands,Nicobars,Nancowry,Kulatapangia*,645061
152,Andaman and Nicobar Islands,Nicobars,Nancowry,Kumikia*,645055
153,Andaman and Nicobar Islands,Nicobars,Nancowry,Kupinga*,645078
154,Andaman and Nicobar Islands,Nicobars,Nancowry,Lanuanga*,645092
155,Andaman and Nicobar Islands,Nicobars,Nancowry,Lapat*,645086
156,Andaman and Nicobar Islands,Nicobars,Nancowry,Luxi,645037
157,Andaman and Nicobar Islands,Nicobars,Nancowry,Malacca*,645095
158,Andaman and Nicobar Islands,Nicobars,Nancowry,Manjula*,645106
159,Andaman and Nicobar Islands,Nicobars,Nancowry,Mapayala*,645064
160,Andaman and Nicobar Islands,Nicobars,Nancowry,Maru*,645112
161,Andaman and Nicobar Islands,Nicobars,Nancowry,Masala Tapu*,645120
162,Andaman and Nicobar Islands,Nicobars,Nancowry,Mavatapis/Maratapia*,645049
163,Andaman and Nicobar Islands,Nicobars,Nancowry,Meenakshi Ram Nagar,645081
164,Andaman and Nicobar Islands,Nicobars,Nancowry,Mildera,645079
165,Andaman and Nicobar Islands,Nicobars,Nancowry,Minyuk,645041
166,Andaman and Nicobar Islands,Nicobars,Nancowry,Mohreak/Kohreakap*,645133
167,Andaman and Nicobar Islands,Nicobars,Nancowry,Munak incl. Ponioo/Moul,645125
168,Andaman and Nicobar Islands,Nicobars,Nancowry,Mus*,645088
169,Andaman and Nicobar Islands,Nicobars,Nancowry,Neang*,645090
170,Andaman and Nicobar Islands,Nicobars,Nancowry,Neeche Tapu*,645105
171,Andaman and Nicobar Islands,Nicobars,Nancowry,Nyicalang*,645132
172,Andaman and Nicobar Islands,Nicobars,Nancowry,Okiya/Chiya*,645107
173,Andaman and Nicobar Islands,Nicobars,Nancowry,Olinpon/Alhinpon*,645108
174,Andaman and Nicobar Islands,Nicobars,Nancowry,Ongulongho*,645058
175,Andaman and Nicobar Islands,Nicobars,Nancowry,Payak*,645089
176,Andaman and Nicobar Islands,Nicobars,Nancowry,Payuha,645124
177,Andaman and Nicobar Islands,Nicobars,Nancowry,Pilpilow,645104
178,Andaman and Nicobar Islands,Nicobars,Nancowry,Raihion,645032
179,Andaman and Nicobar Islands,Nicobars,Nancowry,Ramzoo*(Ramjaw),645126
180,Andaman and Nicobar Islands,Nicobars,Nancowry,Reakomlong*,645070
181,Andaman and Nicobar Islands,Nicobars,Nancowry,Safedbalu*,645135
182,Andaman and Nicobar Islands,Nicobars,Nancowry,Safedbalu*,645040
183,Andaman and Nicobar Islands,Nicobars,Nancowry,Sanaya*,645051
184,Andaman and Nicobar Islands,Nicobars,Nancowry,Sonomkuwa*,645071
185,Andaman and Nicobar Islands,Nicobars,Nancowry,Tahaila,645028
186,Andaman and Nicobar Islands,Nicobars,Nancowry,Tanae*,645114
187,Andaman and Nicobar Islands,Nicobars,Nancowry,Tani*,645067
188,Andaman and Nicobar Islands,Nicobars,Nancowry,Tapani/Tapainy*,645098
189,Andaman and Nicobar Islands,Nicobars,Nancowry,Tapiang*,645138
190,Andaman and Nicobar Islands,Nicobars,Nancowry,Tapong incl. Kabila,645091
191,Andaman and Nicobar Islands,Nicobars,Nancowry,Tavinkin/Tavakin*,645072
192,Andaman and Nicobar Islands,Nicobars,Nancowry,Tillang Chong Island*,645033
193,Andaman and Nicobar Islands,Nicobars,Nancowry,Tomae/Inmae*,645118
194,Andaman and Nicobar Islands,Nicobars,Nancowry,Trinket*,645137
195,Andaman and Nicobar Islands,Nicobars,Nancowry,Uper Tapu*,645103
196,Andaman and Nicobar Islands,Nicobars,Nancowry,Upper Katchal,645080
197,Andaman and Nicobar Islands,Nicobars,Nancowry,Vikas Nagar,645130
198,Andaman and Nicobar Islands,Nicobars,Nancowry,Vyavtapu*,645062
199,Andaman and Nicobar Islands,Nicobars,Nancowry,W.B.Katchal/Hindra*,645084
200,Andaman and Nicobar Islands,North  & Middle Andaman,Diglipur,Aam Tikry (FDCA)              ,645280
201,Andaman and Nicobar Islands,North  & Middle Andaman,Diglipur,Aerial Bay (RV),645227
202,Andaman and Nicobar Islands,North  & Middle Andaman,Diglipur,Amber Chad (EFA),645253
203,Andaman and Nicobar Islands,North  & Middle Andaman,Diglipur,Austin Creek (FDCA)          ,645282
204,Andaman and Nicobar Islands,North  & Middle Andaman,Diglipur,Austin II (EFA),645287
205,Andaman and Nicobar Islands,North  & Middle Andaman,Diglipur,Austin IX (FC),645285
206,Andaman and Nicobar Islands,North  & Middle Andaman,Diglipur,Bali Nallaha (EFA),645269
207,Andaman and Nicobar Islands,North  & Middle Andaman,Diglipur,Bamboo Nallaha (EFA),645270
208,Andaman and Nicobar Islands,North  & Middle Andaman,Diglipur,Bamboo Nallaha (EFA)       ,645284
209,Andaman and Nicobar Islands,North  & Middle Andaman,Diglipur,Bandhan Nallaha (EFA),645249
210,Andaman and Nicobar Islands,North  & Middle Andaman,Diglipur,Bara Dabla (EFA),645277
211,Andaman and Nicobar Islands,North  & Middle Andaman,Diglipur,Baskata Nallaha (EFA),645267
212,Andaman and Nicobar Islands,North  & Middle Andaman,Diglipur,Beach Dera (EFA),645247
213,Andaman and Nicobar Islands,North  & Middle Andaman,Diglipur,Borang (RV),645240
214,Andaman and Nicobar Islands,North  & Middle Andaman,Diglipur,Burmachad (EFA),645258
215,Andaman and Nicobar Islands,North  & Middle Andaman,Diglipur,Coffe Dera (EFA),645248
216,Andaman and Nicobar Islands,North  & Middle Andaman,Diglipur,Curlew Island (FCPA),645290
217,Andaman and Nicobar Islands,North  & Middle Andaman,Diglipur,Deshbandhugram (RV),645217
218,Andaman and Nicobar Islands,North  & Middle Andaman,Diglipur,Diglipur (RV),645223
219,Andaman and Nicobar Islands,North  & Middle Andaman,Diglipur,Durgapur (RV),645228
220,Andaman and Nicobar Islands,North  & Middle Andaman,Diglipur,East Island (Police post & Light house),645243
221,Andaman and Nicobar Islands,North  & Middle Andaman,Diglipur,Elezabeth Bay (EFA),645246
222,Andaman and Nicobar Islands,North  & Middle Andaman,Diglipur,Gandhi Nagar (EFA),645255
223,Andaman and Nicobar Islands,North  & Middle Andaman,Diglipur,Gandhi Nagar (Forest Beat),645256
224,Andaman and Nicobar Islands,North  & Middle Andaman,Diglipur,Ganesh Nagar (EFA),645252
225,Andaman and Nicobar Islands,North  & Middle Andaman,Diglipur,Ganna Dabla (EFA),645281
226,Andaman and Nicobar Islands,North  & Middle Andaman,Diglipur,Ganna Level (EFA),645272
227,Andaman and Nicobar Islands,North  & Middle Andaman,Diglipur,Hara Tikry (EFA),645286
228,Andaman and Nicobar Islands,North  & Middle Andaman,Diglipur,Haran Nallaha (EFA),645259
229,Andaman and Nicobar Islands,North  & Middle Andaman,Diglipur,Haridas Kattai (EFA),645250
230,Andaman and Nicobar Islands,North  & Middle Andaman,Diglipur,Hoari Bay (EFA),645278
231,Andaman and Nicobar Islands,North  & Middle Andaman,Diglipur,Jagannath Dera (RV),645238
232,Andaman and Nicobar Islands,North  & Middle Andaman,Diglipur,Kalighat (RV),645237
233,Andaman and Nicobar Islands,North  & Middle Andaman,Diglipur,Kalipur (RV),645230
234,Andaman and Nicobar Islands,North  & Middle Andaman,Diglipur,Karen Basti (EFA),645245
235,Andaman and Nicobar Islands,North  & Middle Andaman,Diglipur,Keralapuram (RV),645226
236,Andaman and Nicobar Islands,North  & Middle Andaman,Diglipur,Khudirampur (EFA),645264
237,Andaman and Nicobar Islands,North  & Middle Andaman,Diglipur,Khudirampur (RV),645231
238,Andaman and Nicobar Islands,North  & Middle Andaman,Diglipur,Kishori Nagar (RV),645234
239,Andaman and Nicobar Islands,North  & Middle Andaman,Diglipur,Krishnapuri (RV),645219
240,Andaman and Nicobar Islands,North  & Middle Andaman,Diglipur,Lamiya Bay (EFA),645265
241,Andaman and Nicobar Islands,North  & Middle Andaman,Diglipur,Lamiya Bay (WLS),645266
242,Andaman and Nicobar Islands,North  & Middle Andaman,Diglipur,Land Fall Island (Police post),645292
243,Andaman and Nicobar Islands,North  & Middle Andaman,Diglipur,Laxmipur (EFA),645260
244,Andaman and Nicobar Islands,North  & Middle Andaman,Diglipur,Laxmipur (RV),645216
245,Andaman and Nicobar Islands,North  & Middle Andaman,Diglipur,Madhupur (RV),645218
246,Andaman and Nicobar Islands,North  & Middle Andaman,Diglipur,Madhyamgram (RV),645235
247,Andaman and Nicobar Islands,North  & Middle Andaman,Diglipur,Milangram (RV),645215
248,Andaman and Nicobar Islands,North  & Middle Andaman,Diglipur,Mohanpur (RV),645241
249,Andaman and Nicobar Islands,North  & Middle Andaman,Diglipur,Mutha Nallaha (EFA),645268
250,Andaman and Nicobar Islands,North  & Middle Andaman,Diglipur,Nabagram (RV),645232
251,Andaman and Nicobar Islands,North  & Middle Andaman,Diglipur,Narayan Tikri (EFA),645273
252,Andaman and Nicobar Islands,North  & Middle Andaman,Diglipur,Narcondam Island (Police post),645244
253,Andaman and Nicobar Islands,North  & Middle Andaman,Diglipur,Narkul Danga (EFA),645275
254,Andaman and Nicobar Islands,North  & Middle Andaman,Diglipur,Nischintapur (RV),645236
255,Andaman and Nicobar Islands,North  & Middle Andaman,Diglipur,Paranghara (RV),645233
256,Andaman and Nicobar Islands,North  & Middle Andaman,Diglipur,Paschimsagar (EFA),645261
257,Andaman and Nicobar Islands,North  & Middle Andaman,Diglipur,Pathi Level (EFA),645276
258,Andaman and Nicobar Islands,North  & Middle Andaman,Diglipur,Pemaiahdera (FDCA)            ,645274
259,Andaman and Nicobar Islands,North  & Middle Andaman,Diglipur,Pilone Nallaha (FDCA),645279
260,Andaman and Nicobar Islands,North  & Middle Andaman,Diglipur,Rabindrapalli (RV),645221
261,Andaman and Nicobar Islands,North  & Middle Andaman,Diglipur,Radha Nagar (EFA),645257
262,Andaman and Nicobar Islands,North  & Middle Andaman,Diglipur,Radha Nagar (RV),645213
263,Andaman and Nicobar Islands,North  & Middle Andaman,Diglipur,Rahil (FDCA),645283
264,Andaman and Nicobar Islands,North  & Middle Andaman,Diglipur,Ramakrishnagram (RV),645224
265,Andaman and Nicobar Islands,North  & Middle Andaman,Diglipur,Ramnagar (RV),645239
266,Andaman and Nicobar Islands,North  & Middle Andaman,Diglipur,Sagar Dweep (RV),645242
267,Andaman and Nicobar Islands,North  & Middle Andaman,Diglipur,Santi Nagar (EFA),645254
268,Andaman and Nicobar Islands,North  & Middle Andaman,Diglipur,Shibpur (RV),645229
269,Andaman and Nicobar Islands,North  & Middle Andaman,Diglipur,Shyam Nagar (EFA),645251
270,Andaman and Nicobar Islands,North  & Middle Andaman,Diglipur,Shyam Nagar (RV),645212
271,Andaman and Nicobar Islands,North  & Middle Andaman,Diglipur,Sitanagar (RV),645220
272,Andaman and Nicobar Islands,North  & Middle Andaman,Diglipur,"Sitanagar, (EFA)               ",645263
273,Andaman and Nicobar Islands,North  & Middle Andaman,Diglipur,Smith (EFA),645288
274,Andaman and Nicobar Islands,North  & Middle Andaman,Diglipur,Smith (Timber Export Depot),645289
275,Andaman and Nicobar Islands,North  & Middle Andaman,Diglipur,Srinagar (EFA),645271
276,Andaman and Nicobar Islands,North  & Middle Andaman,Diglipur,Stewart Island,645291
277,Andaman and Nicobar Islands,North  & Middle Andaman,Diglipur,Subhashgram (RV),645222
278,Andaman and Nicobar Islands,North  & Middle Andaman,Diglipur,Swarajgram (RV),645214
279,Andaman and Nicobar Islands,North  & Middle Andaman,Diglipur,Tal Bagan (EFA),645262
280,Andaman and Nicobar Islands,North  & Middle Andaman,Diglipur,Vidyasagarpalli (RV),645225
281,Andaman and Nicobar Islands,North  & Middle Andaman,Mayabunder,Asha Nagar (EFA),645338
282,Andaman and Nicobar Islands,North  & Middle Andaman,Mayabunder,Aves Island (RV),645293
283,Andaman and Nicobar Islands,North  & Middle Andaman,Mayabunder,Bajato (EFA & 40 acre plot),645337
284,Andaman and Nicobar Islands,North  & Middle Andaman,Mayabunder,Bamboo Nallaha (EFA),645324
285,Andaman and Nicobar Islands,North  & Middle Andaman,Mayabunder,Basantipur (RV),645308
286,Andaman and Nicobar Islands,North  & Middle Andaman,Mayabunder,Birsa Nagar (EFA),645339
287,Andaman and Nicobar Islands,North  & Middle Andaman,Mayabunder,Buddha Nallaha (EFA),645325
288,Andaman and Nicobar Islands,North  & Middle Andaman,Mayabunder,Chainpur (EFA),645336
289,Andaman and Nicobar Islands,North  & Middle Andaman,Mayabunder,Chainpur (RV),645306
290,Andaman and Nicobar Islands,North  & Middle Andaman,Mayabunder,Chappa Nali (EFA),645330
291,Andaman and Nicobar Islands,North  & Middle Andaman,Mayabunder,Chuglum Gum (EFA),645326
292,Andaman and Nicobar Islands,North  & Middle Andaman,Mayabunder,Danpur (RV),645296
293,Andaman and Nicobar Islands,North  & Middle Andaman,Mayabunder,Devpur (RV),645301
294,Andaman and Nicobar Islands,North  & Middle Andaman,Mayabunder,Dukennagar (RV),645316
295,Andaman and Nicobar Islands,North  & Middle Andaman,Mayabunder,Ganesh Nagar I & II (EFA)      ,645332
296,Andaman and Nicobar Islands,North  & Middle Andaman,Mayabunder,Ganeshpur (EFA),645333
297,Andaman and Nicobar Islands,North  & Middle Andaman,Mayabunder,Gora Tikry (EFA)              ,645329
298,Andaman and Nicobar Islands,North  & Middle Andaman,Mayabunder,Govindpur (RV),645310
299,Andaman and Nicobar Islands,North  & Middle Andaman,Mayabunder,Hanspuri (RV) (including JPP Camps),645305
300,Andaman and Nicobar Islands,North  & Middle Andaman,Mayabunder,Harinagar (RV),645315
301,Andaman and Nicobar Islands,North  & Middle Andaman,Mayabunder,Interview Island (PO),645320
302,Andaman and Nicobar Islands,North  & Middle Andaman,Mayabunder,Interview Island (WLS),645319
303,Andaman and Nicobar Islands,North  & Middle Andaman,Mayabunder,Jaipur (RV),645313
304,Andaman and Nicobar Islands,North  & Middle Andaman,Mayabunder,Kamalapur (RV),645312
305,Andaman and Nicobar Islands,North  & Middle Andaman,Mayabunder,Kanchi Nallaha (EFA) & Bamboo Nallaha (EFA),645340
306,Andaman and Nicobar Islands,North  & Middle Andaman,Mayabunder,Karanch Khari (EFA),645328
307,Andaman and Nicobar Islands,North  & Middle Andaman,Mayabunder,Karmatang (RV),645298
308,Andaman and Nicobar Islands,North  & Middle Andaman,Mayabunder,Karmatang IX (EFA),645321
309,Andaman and Nicobar Islands,North  & Middle Andaman,Mayabunder,Karmatang X (EFA) incl.Bihari Plot (EFA),645322
310,Andaman and Nicobar Islands,North  & Middle Andaman,Mayabunder,Khukari Tabla (EFA),645331
311,Andaman and Nicobar Islands,North  & Middle Andaman,Mayabunder,Lataw (RV),645300
312,Andaman and Nicobar Islands,North  & Middle Andaman,Mayabunder,Lauki Nallaha (EFA),645342
313,Andaman and Nicobar Islands,North  & Middle Andaman,Mayabunder,Lucknow (RV),645299
314,Andaman and Nicobar Islands,North  & Middle Andaman,Mayabunder,Luis-in-Let-Bay (JPPC),645334
315,Andaman and Nicobar Islands,North  & Middle Andaman,Mayabunder,Mayabunder (RV),645294
316,Andaman and Nicobar Islands,North  & Middle Andaman,Mayabunder,Pahalgaon (RV),645303
317,Andaman and Nicobar Islands,North  & Middle Andaman,Mayabunder,Paiket Bay (EFA),645323
318,Andaman and Nicobar Islands,North  & Middle Andaman,Mayabunder,Paresh Nagar (RV),645311
319,Andaman and Nicobar Islands,North  & Middle Andaman,Mayabunder,Pather Tikry (EFA)                 ,645341
320,Andaman and Nicobar Islands,North  & Middle Andaman,Mayabunder,Pinakinagar (RV),645314
321,Andaman and Nicobar Islands,North  & Middle Andaman,Mayabunder,Pokadera (RV),645295
322,Andaman and Nicobar Islands,North  & Middle Andaman,Mayabunder,Profullya Nagar (RV),645309
323,Andaman and Nicobar Islands,North  & Middle Andaman,Mayabunder,Pudumadurai (RV),645307
324,Andaman and Nicobar Islands,North  & Middle Andaman,Mayabunder,Rampur (RV),645297
325,Andaman and Nicobar Islands,North  & Middle Andaman,Mayabunder,Santipur (RV),645317
326,Andaman and Nicobar Islands,North  & Middle Andaman,Mayabunder,Shippi Tikry (EFA),645335
327,Andaman and Nicobar Islands,North  & Middle Andaman,Mayabunder,Sundari Khari (EFA),645327
328,Andaman and Nicobar Islands,North  & Middle Andaman,Mayabunder,Swadesh Nagar (RV),645318
329,Andaman and Nicobar Islands,North  & Middle Andaman,Mayabunder,Tugapur (RV),645304
330,Andaman and Nicobar Islands,North  & Middle Andaman,Mayabunder,Webi (RV),645302
331,Andaman and Nicobar Islands,North  & Middle Andaman,Rangat,Abaygarh (RV),645380
332,Andaman and Nicobar Islands,North  & Middle Andaman,Rangat,Adojig (RV) (including EFA),645374
333,Andaman and Nicobar Islands,North  & Middle Andaman,Rangat,Amkunj (RV),645349
334,Andaman and Nicobar Islands,North  & Middle Andaman,Rangat,Bakultala (CT),645439
335,Andaman and Nicobar Islands,North  & Middle Andaman,Rangat,Bamboo Tikry (JPPC),645414
336,Andaman and Nicobar Islands,North  & Middle Andaman,Rangat,Bangaon (RV),645367
337,Andaman and Nicobar Islands,North  & Middle Andaman,Rangat,Bejoygarh (RV),645375
338,Andaman and Nicobar Islands,North  & Middle Andaman,Rangat,Between Chotaligbang and Foul Bay (JA) ,645418
339,Andaman and Nicobar Islands,North  & Middle Andaman,Rangat,Bharatpur (RV),645359
340,Andaman and Nicobar Islands,North  & Middle Andaman,Rangat,Bolcha (EFA),645430
341,Andaman and Nicobar Islands,North  & Middle Andaman,Rangat,Boreham Valley (FS)           ,645410
342,Andaman and Nicobar Islands,North  & Middle Andaman,Rangat,Boroinyol II (FC),645402
343,Andaman and Nicobar Islands,North  & Middle Andaman,Rangat,Charlungta (FC),645400
344,Andaman and Nicobar Islands,North  & Middle Andaman,Rangat,Charlungta II (FC),645401
345,Andaman and Nicobar Islands,North  & Middle Andaman,Rangat,Chotaligbang (JA)                 ,645419
346,Andaman and Nicobar Islands,North  & Middle Andaman,Rangat,Cutbert Bay (EFA),645386
347,Andaman and Nicobar Islands,North  & Middle Andaman,Rangat,Desharatpur (RV),645352
348,Andaman and Nicobar Islands,North  & Middle Andaman,Rangat,Dhani Nallaha (EFA),645388
349,Andaman and Nicobar Islands,North  & Middle Andaman,Rangat,Dhani Nallaha (JA),645404
350,Andaman and Nicobar Islands,North  & Middle Andaman,Rangat,Dharmapur (RV),645343
351,Andaman and Nicobar Islands,North  & Middle Andaman,Rangat,Elephenstone Harbour (FC),645423
352,Andaman and Nicobar Islands,North  & Middle Andaman,Rangat,Foster Valley (EFA),645411
353,Andaman and Nicobar Islands,North  & Middle Andaman,Rangat,Foul Bay (JA),645416
354,Andaman and Nicobar Islands,North  & Middle Andaman,Rangat,Gol Pahar (EFA),645394
355,Andaman and Nicobar Islands,North  & Middle Andaman,Rangat,Janakpur (RV),645351
356,Andaman and Nicobar Islands,North  & Middle Andaman,Rangat,Japan Tikri (EFA)       ,645393
357,Andaman and Nicobar Islands,North  & Middle Andaman,Rangat,Jermyvalley(FS),645412
358,Andaman and Nicobar Islands,North  & Middle Andaman,Rangat,Kadamtala (RV),645369
359,Andaman and Nicobar Islands,North  & Middle Andaman,Rangat,Kalsi (JPPC),645395
360,Andaman and Nicobar Islands,North  & Middle Andaman,Rangat,Kalsi (RV),645364
361,Andaman and Nicobar Islands,North  & Middle Andaman,Rangat,Kalsi No. 3 (JPPC),645399
362,Andaman and Nicobar Islands,North  & Middle Andaman,Rangat,Kalsi No. 4 (JPPC),645398
363,Andaman and Nicobar Islands,North  & Middle Andaman,Rangat,Kalsi No. 6 (JPPC),645397
364,Andaman and Nicobar Islands,North  & Middle Andaman,Rangat,Kanchangarh (RV),645378
365,Andaman and Nicobar Islands,North  & Middle Andaman,Rangat,Kaushalyanagar (RV),645365
366,Andaman and Nicobar Islands,North  & Middle Andaman,Rangat,Khatta Khari (EFA),645437
367,Andaman and Nicobar Islands,North  & Middle Andaman,Rangat,Khatta Khari (RV),645385
368,Andaman and Nicobar Islands,North  & Middle Andaman,Rangat,Lakra Lungta (JA),645417
369,Andaman and Nicobar Islands,North  & Middle Andaman,Rangat,Lalajig Bay (AC),645421
370,Andaman and Nicobar Islands,North  & Middle Andaman,Rangat,Laxmanpur (RV),645362
371,Andaman and Nicobar Islands,North  & Middle Andaman,Rangat,Long Island (RV),645372
372,Andaman and Nicobar Islands,North  & Middle Andaman,Rangat,Lorrojig (FC) & Vishnu Nallaha (APWDC),645426
373,Andaman and Nicobar Islands,North  & Middle Andaman,Rangat,Macarthy Valley (EFA),645409
374,Andaman and Nicobar Islands,North  & Middle Andaman,Rangat,Merk Bay (AC),645422
375,Andaman and Nicobar Islands,North  & Middle Andaman,Rangat,Middle Strait (JPPC),645433
376,Andaman and Nicobar Islands,North  & Middle Andaman,Rangat,Mithila (RV),645354
377,Andaman and Nicobar Islands,North  & Middle Andaman,Rangat,Nayagarh (RV),645382
378,Andaman and Nicobar Islands,North  & Middle Andaman,Rangat,Nilambur (EFA),645431
379,Andaman and Nicobar Islands,North  & Middle Andaman,Rangat,Nilambur (RV),645379
380,Andaman and Nicobar Islands,North  & Middle Andaman,Rangat,Nimbutala (RV),645350
381,Andaman and Nicobar Islands,North  & Middle Andaman,Rangat,Padmanabhapuram (RV),645347
382,Andaman and Nicobar Islands,North  & Middle Andaman,Rangat,Panchawati (EFA),645391
383,Andaman and Nicobar Islands,North  & Middle Andaman,Rangat,Panchawati (RV),645348
384,Andaman and Nicobar Islands,North  & Middle Andaman,Rangat,Papita Dera (FC),645428
385,Andaman and Nicobar Islands,North  & Middle Andaman,Rangat,Parnasala (RV),645357
386,Andaman and Nicobar Islands,North  & Middle Andaman,Rangat,Parnasala II (FC),645392
387,Andaman and Nicobar Islands,North  & Middle Andaman,Rangat,Pawajig & Nayadera (FC),645425
388,Andaman and Nicobar Islands,North  & Middle Andaman,Rangat,Pawajig (FC),645424
389,Andaman and Nicobar Islands,North  & Middle Andaman,Rangat,Porlob Depot. (FC)               ,645420
390,Andaman and Nicobar Islands,North  & Middle Andaman,Rangat,"Porlobjig No. 15 (FC, APWDC & JPPC)",645403
391,Andaman and Nicobar Islands,North  & Middle Andaman,Rangat,"Porlobjig No. 3 (JPPC, APWDC & ANIFPDC)",645413
392,Andaman and Nicobar Islands,North  & Middle Andaman,Rangat,Porlobjig No.10 (FC & JPPC)      ,645405
393,Andaman and Nicobar Islands,North  & Middle Andaman,Rangat,Porlobjig No.9 (JPPC),645406
394,Andaman and Nicobar Islands,North  & Middle Andaman,Rangat,Raglachang (Nayadera) (FC),645434
395,Andaman and Nicobar Islands,North  & Middle Andaman,Rangat,Raglachang (RV),645381
396,Andaman and Nicobar Islands,North  & Middle Andaman,Rangat,Rajatgarh (EFA),645435
397,Andaman and Nicobar Islands,North  & Middle Andaman,Rangat,Rajatgarh (RV),645383
398,Andaman and Nicobar Islands,North  & Middle Andaman,Rangat,Ramachandra Nagar (RV),645344
399,Andaman and Nicobar Islands,North  & Middle Andaman,Rangat,Rampur (RV),645356
400,Andaman and Nicobar Islands,North  & Middle Andaman,Rangat,Rangat (RV),645355
401,Andaman and Nicobar Islands,North  & Middle Andaman,Rangat,Sabari (RV),645358
402,Andaman and Nicobar Islands,North  & Middle Andaman,Rangat,Sagwan Nallaha (FC),645396
403,Andaman and Nicobar Islands,North  & Middle Andaman,Rangat,Saktigarh (RV),645366
404,Andaman and Nicobar Islands,North  & Middle Andaman,Rangat,Sanker Nallaha (PWDC),645429
405,Andaman and Nicobar Islands,North  & Middle Andaman,Rangat,Santanu (RV),645370
406,Andaman and Nicobar Islands,North  & Middle Andaman,Rangat,Sastri Nallah (FC)                ,645427
407,Andaman and Nicobar Islands,North  & Middle Andaman,Rangat,Shivapuram (RV),645346
408,Andaman and Nicobar Islands,North  & Middle Andaman,Rangat,Shyamkund (RV),645360
409,Andaman and Nicobar Islands,North  & Middle Andaman,Rangat,Sippi Tikry (EFA),645389
410,Andaman and Nicobar Islands,North  & Middle Andaman,Rangat,Sitapur (RV),645353
411,Andaman and Nicobar Islands,North  & Middle Andaman,Rangat,"South Creek (EFA, FC & APWDC)",645432
412,Andaman and Nicobar Islands,North  & Middle Andaman,Rangat,Spike Island (JA),645438
413,Andaman and Nicobar Islands,North  & Middle Andaman,Rangat,Strait Island (AS),645373
414,Andaman and Nicobar Islands,North  & Middle Andaman,Rangat,Sukha Nallaha (EFA),645390
415,Andaman and Nicobar Islands,North  & Middle Andaman,Rangat,Sundergarh (RV) (including EFA),645377
416,Andaman and Nicobar Islands,North  & Middle Andaman,Rangat,Thiruvanchikulam (RV),645345
417,Andaman and Nicobar Islands,North  & Middle Andaman,Rangat,Thoraktang (FC),645387
418,Andaman and Nicobar Islands,North  & Middle Andaman,Rangat,Udhaygarh (RV),645376
419,Andaman and Nicobar Islands,North  & Middle Andaman,Rangat,Urmilapur (RV),645363
420,Andaman and Nicobar Islands,North  & Middle Andaman,Rangat,Uttara (RV),645371
421,Andaman and Nicobar Islands,North  & Middle Andaman,Rangat,Vishnupur (RV),645361
422,Andaman and Nicobar Islands,North  & Middle Andaman,Rangat,Wrafter's Creek (EFA),645436
423,Andaman and Nicobar Islands,North  & Middle Andaman,Rangat,Wrafter's Creek (RV),645384
424,Andaman and Nicobar Islands,North  & Middle Andaman,Rangat,Yeratiljig (RV),645368
425,Andaman and Nicobar Islands,North  & Middle Andaman,Rangat,Yeratiljig No. 10 (JPPC),645415
426,Andaman and Nicobar Islands,North  & Middle Andaman,Rangat,Yeratiljig No. 11 (JPPC),645408
427,Andaman and Nicobar Islands,North  & Middle Andaman,Rangat,Yeratiljig No. 9 (JPPC),645407
428,Andaman and Nicobar Islands,South Andaman,Ferrargunj,Alipur (RV),645448
429,Andaman and Nicobar Islands,South Andaman,Ferrargunj,Aniket (RV),645464
430,Andaman and Nicobar Islands,South Andaman,Ferrargunj,Anjali Nallaha (JPPC)            ,645507
431,Andaman and Nicobar Islands,South Andaman,Ferrargunj,Badmash Pahar (RV),645478
432,Andaman and Nicobar Islands,South Andaman,Ferrargunj,Balughat (RV),645477
433,Andaman and Nicobar Islands,South Andaman,Ferrargunj,Bambooflat (CT),645516
434,Andaman and Nicobar Islands,South Andaman,Ferrargunj,Beach Dera (EFA),645505
435,Andaman and Nicobar Islands,South Andaman,Ferrargunj,Between Middle Strait (JPPC) & Jirkatang (JA) ,645494
436,Andaman and Nicobar Islands,South Andaman,Ferrargunj,Bindraban (RV),645459
437,Andaman and Nicobar Islands,South Andaman,Ferrargunj,Caddlegunj (RV) (incl. Sona Pahar & Hazari Bagh (JPPC),645465
438,Andaman and Nicobar Islands,South Andaman,Ferrargunj,Chouldari (RV),645480
439,Andaman and Nicobar Islands,South Andaman,Ferrargunj,Coffee Plot ,645500
440,Andaman and Nicobar Islands,South Andaman,Ferrargunj,Colinpur (RV),645470
441,Andaman and Nicobar Islands,South Andaman,Ferrargunj,Craikabad (RV),645479
442,Andaman and Nicobar Islands,South Andaman,Ferrargunj,Dhanikhari (RV),645481
443,Andaman and Nicobar Islands,South Andaman,Ferrargunj,Dundas Point (RV),645467
444,Andaman and Nicobar Islands,South Andaman,Ferrargunj,Ferrargunj (RV),645458
445,Andaman and Nicobar Islands,South Andaman,Ferrargunj,Flat Bay (RV),645491
446,Andaman and Nicobar Islands,South Andaman,Ferrargunj,Govindapuram (RV),645452
447,Andaman and Nicobar Islands,South Andaman,Ferrargunj,Guptapara (RV),645488
448,Andaman and Nicobar Islands,South Andaman,Ferrargunj,Hashmatabad (EFA),645512
449,Andaman and Nicobar Islands,South Andaman,Ferrargunj,Hashmatabad (RV),645485
450,Andaman and Nicobar Islands,South Andaman,Ferrargunj,Herbertabad (RV),645457
451,Andaman and Nicobar Islands,South Andaman,Ferrargunj,Hobdipur (RV),645473
452,Andaman and Nicobar Islands,South Andaman,Ferrargunj,Homfreygunj (RV),645482
453,Andaman and Nicobar Islands,South Andaman,Ferrargunj,Hope Town (RV),645461
454,Andaman and Nicobar Islands,South Andaman,Ferrargunj,Jhinga Nallaha (JPPC & APWDC),645504
455,Andaman and Nicobar Islands,South Andaman,Ferrargunj,Jirkatang Camp No. 7 (FC)     ,645498
456,Andaman and Nicobar Islands,South Andaman,Ferrargunj,Jirkatang No. 2 (RV),645441
457,Andaman and Nicobar Islands,South Andaman,Ferrargunj,Jirkatang No.2 (EFA),645499
458,Andaman and Nicobar Islands,South Andaman,Ferrargunj,Kadakachang (RV),645460
459,Andaman and Nicobar Islands,South Andaman,Ferrargunj,Kalatang (RV),645442
460,Andaman and Nicobar Islands,South Andaman,Ferrargunj,Knapuram (RV),645453
461,Andaman and Nicobar Islands,South Andaman,Ferrargunj,Lohabarrack (WLS)            ,645510
462,Andaman and Nicobar Islands,South Andaman,Ferrargunj,Madhuban (RV),645444
463,Andaman and Nicobar Islands,South Andaman,Ferrargunj,Malapuram (RV),645445
464,Andaman and Nicobar Islands,South Andaman,Ferrargunj,Manglutan (EFA),645513
465,Andaman and Nicobar Islands,South Andaman,Ferrargunj,Manglutan (RV),645486
466,Andaman and Nicobar Islands,South Andaman,Ferrargunj,Manjeri (RV) & Line Dera (FC),645489
467,Andaman and Nicobar Islands,South Andaman,Ferrargunj,Mannarghat (RV),645446
468,Andaman and Nicobar Islands,South Andaman,Ferrargunj,Manpur (RV),645471
469,Andaman and Nicobar Islands,South Andaman,Ferrargunj,Mathura (RV),645454
470,Andaman and Nicobar Islands,South Andaman,Ferrargunj,Maymyo (EFA),645511
471,Andaman and Nicobar Islands,South Andaman,Ferrargunj,Maymyo (RV),645483
472,Andaman and Nicobar Islands,South Andaman,Ferrargunj,Middle Strait (JPPC),645492
473,Andaman and Nicobar Islands,South Andaman,Ferrargunj,Mile Tilek  (JPPC),645501
474,Andaman and Nicobar Islands,South Andaman,Ferrargunj,Mile Tilek (ARF),645502
475,Andaman and Nicobar Islands,South Andaman,Ferrargunj,Mile Tilek (RV) & Mile Tilek (EFA),645447
476,Andaman and Nicobar Islands,South Andaman,Ferrargunj,Mithakhari (RV),645468
477,Andaman and Nicobar Islands,South Andaman,Ferrargunj,Mohwa Dera (RV),645472
478,Andaman and Nicobar Islands,South Andaman,Ferrargunj,Mount Harriet (RV),645450
479,Andaman and Nicobar Islands,South Andaman,Ferrargunj,Mrichi Dera (EFA)            ,645497
480,Andaman and Nicobar Islands,South Andaman,Ferrargunj,Muslim Basti (RV),645475
481,Andaman and Nicobar Islands,South Andaman,Ferrargunj,Namunaghar (RV),645466
482,Andaman and Nicobar Islands,South Andaman,Ferrargunj,Nayashahar (EFA),645514
483,Andaman and Nicobar Islands,South Andaman,Ferrargunj,Nayashahar (RV),645487
484,Andaman and Nicobar Islands,South Andaman,Ferrargunj,North Bay (RV),645462
485,Andaman and Nicobar Islands,South Andaman,Ferrargunj,Ograbraij (RV),645474
486,Andaman and Nicobar Islands,South Andaman,Ferrargunj,Pongi Balu (FC) & Bada Balu (EFA),645515
487,Andaman and Nicobar Islands,South Andaman,Ferrargunj,Port Mouat (RV),645476
488,Andaman and Nicobar Islands,South Andaman,Ferrargunj,Potatang (FC)                  ,645493
489,Andaman and Nicobar Islands,South Andaman,Ferrargunj,Shoal Bay (RV),645440
490,Andaman and Nicobar Islands,South Andaman,Ferrargunj,Shoal Bay 17 (FC)          ,645495
491,Andaman and Nicobar Islands,South Andaman,Ferrargunj,Shoal Bay 19 (FC)          ,645496
492,Andaman and Nicobar Islands,South Andaman,Ferrargunj,Shore Point (RV),645463
493,Andaman and Nicobar Islands,South Andaman,Ferrargunj,Stewartgunj (RV),645451
494,Andaman and Nicobar Islands,South Andaman,Ferrargunj,Temple Myo (RV),645455
495,Andaman and Nicobar Islands,South Andaman,Ferrargunj,Tirur (JA),645509
496,Andaman and Nicobar Islands,South Andaman,Ferrargunj,Tirur (JPPC)                  ,645503
497,Andaman and Nicobar Islands,South Andaman,Ferrargunj,Tirur (RV),645456
498,Andaman and Nicobar Islands,South Andaman,Ferrargunj,Tirur I (JPPC),645506
499,Andaman and Nicobar Islands,South Andaman,Ferrargunj,Tirur IV (JPPC)                     ,645508
500,Andaman and Nicobar Islands,South Andaman,Ferrargunj,Tusnabad (RV),645469
501,Andaman and Nicobar Islands,South Andaman,Ferrargunj,Viper Island (RV),645490
502,Andaman and Nicobar Islands,South Andaman,Ferrargunj,Wandur (RV),645484
503,Andaman and Nicobar Islands,South Andaman,Ferrargunj,Wimberlygunj (RV),645449
504,Andaman and Nicobar Islands,South Andaman,Ferrargunj,Wright Myo (RV),645443
505,Andaman and Nicobar Islands,South Andaman,Little Andaman,Butler Bay Forest Camp 4-I (FDCA),645570
506,Andaman and Nicobar Islands,South Andaman,Little Andaman,Butler Bay Forest Camp 4-II (FDCA),645569
507,Andaman and Nicobar Islands,South Andaman,Little Andaman,Butler Bay Forest Camp 4-III (FDCA),645566
508,Andaman and Nicobar Islands,South Andaman,Little Andaman,Butler Bay Forest Camp 4-IV (FDCA),645567
509,Andaman and Nicobar Islands,South Andaman,Little Andaman,Dugong Creek (OS),645552
510,Andaman and Nicobar Islands,South Andaman,Little Andaman,Forest Camp at 14 Km 5 - I (FDCA)       ,645565
511,Andaman and Nicobar Islands,South Andaman,Little Andaman,Forest Camp at 14 km. 5-II (FDCA),645564
512,Andaman and Nicobar Islands,South Andaman,Little Andaman,Forest Camp at 14 km. 5-III (FDCA),645563
513,Andaman and Nicobar Islands,South Andaman,Little Andaman,Forest Camp at 19 km. (FDCA),645562
514,Andaman and Nicobar Islands,South Andaman,Little Andaman,Harmender Bay (NS),645559
515,Andaman and Nicobar Islands,South Andaman,Little Andaman,Hut Bay (RV),645558
516,Andaman and Nicobar Islands,South Andaman,Little Andaman,M/s Asia & Company (Asia Timber Product),645557
517,Andaman and Nicobar Islands,South Andaman,Little Andaman,Netaji Nagar (RV),645556
518,Andaman and Nicobar Islands,South Andaman,Little Andaman,Rabindra Nagar (RV),645554
519,Andaman and Nicobar Islands,South Andaman,Little Andaman,Ramakrishnapur (RV),645555
520,Andaman and Nicobar Islands,South Andaman,Little Andaman,Red Oil Palm (Nursery Camp),645568
521,Andaman and Nicobar Islands,South Andaman,Little Andaman,South Bay (Light House Camp),645560
522,Andaman and Nicobar Islands,South Andaman,Little Andaman,South Bay (OS),645561
523,Andaman and Nicobar Islands,South Andaman,Little Andaman,Vivekanandapuram (RV),645553
524,Andaman and Nicobar Islands,South Andaman,Port Blair,Bada Khari (FC),645547
525,Andaman and Nicobar Islands,South Andaman,Port Blair,Bada Nallaha/Bada Balu (EFA),645542
526,Andaman and Nicobar Islands,South Andaman,Port Blair,Bamboo Nallaha(EFA) incl. Kichad Nallaha(EFA),645546
527,Andaman and Nicobar Islands,South Andaman,Port Blair,Beadnabad (RV),645537
528,Andaman and Nicobar Islands,South Andaman,Port Blair,Bejoy Nagar (RV),645518
529,Andaman and Nicobar Islands,South Andaman,Port Blair,Bharatpur (RV),645523
530,Andaman and Nicobar Islands,South Andaman,Port Blair,Bimilitan (RV) & Kodiyaghat,645535
531,Andaman and Nicobar Islands,South Andaman,Port Blair,Brichgunj (RV),645532
532,Andaman and Nicobar Islands,South Andaman,Port Blair,Brookshabad part (RV),645531
533,Andaman and Nicobar Islands,South Andaman,Port Blair,Calicut (RV),645536
534,Andaman and Nicobar Islands,South Andaman,Port Blair,Chidiyatapu (RV),645539
535,Andaman and Nicobar Islands,South Andaman,Port Blair,Chidiyatapu (WLS),645543
536,Andaman and Nicobar Islands,South Andaman,Port Blair,Cinque Island (WLS)             ,645549
537,Andaman and Nicobar Islands,South Andaman,Port Blair,Dollygunj (RV),645529
538,Andaman and Nicobar Islands,South Andaman,Port Blair,Garacharma (CT),645551
539,Andaman and Nicobar Islands,South Andaman,Port Blair,Govinda Nagar (RV),645517
540,Andaman and Nicobar Islands,South Andaman,Port Blair,John Lawrance (FC),645541
541,Andaman and Nicobar Islands,South Andaman,Port Blair,Krishna Nagar (RV),645520
542,Andaman and Nicobar Islands,South Andaman,Port Blair,Lakshmanpur (RV),645525
543,Andaman and Nicobar Islands,South Andaman,Port Blair,Minnie Bay part (RV),645530
544,Andaman and Nicobar Islands,South Andaman,Port Blair,Munda Pahar (EFA),645544
545,Andaman and Nicobar Islands,South Andaman,Port Blair,Neil Kendra (RV),645524
546,Andaman and Nicobar Islands,South Andaman,Port Blair,North Sentinel Island (SA),645548
547,Andaman and Nicobar Islands,South Andaman,Port Blair,Pahargaon part (RV),645527
548,Andaman and Nicobar Islands,South Andaman,Port Blair,Port Blair (M Cl),804041
549,Andaman and Nicobar Islands,South Andaman,Port Blair,Prothrapur (CT),645550
550,Andaman and Nicobar Islands,South Andaman,Port Blair,R.M.Point (FC),645545
551,Andaman and Nicobar Islands,South Andaman,Port Blair,Radha Nagar (RV),645521
552,Andaman and Nicobar Islands,South Andaman,Port Blair,Ram Nagar (RV),645526
553,Andaman and Nicobar Islands,South Andaman,Port Blair,Rangachang (RV),645538
554,Andaman and Nicobar Islands,South Andaman,Port Blair,Rutland (RV),645540
555,Andaman and Nicobar Islands,South Andaman,Port Blair,School Line part (RV),645528
556,Andaman and Nicobar Islands,South Andaman,Port Blair,Shyam Nagar (RV),645519
557,Andaman and Nicobar Islands,South Andaman,Port Blair,Sippighat (RV),645534
558,Andaman and Nicobar Islands,South Andaman,Port Blair,Sitapur (RV),645522
559,Andaman and Nicobar Islands,South Andaman,Port Blair,Teylorabad (RV),645533
